,Travel Time (min),Energy Consumption (SOC),Charging Time (min),Charging Cost
weight,1.0,1.0,1.0,0.0
cost,13772.920998237461,168.39143414008237,735.2409853595766,774025520560.2781
