,Travel Time (min),Energy Consumption (SOC),Charging Time (min),Charging Cost
weight,1.0,1.0,1.0,0.0
cost,13034.17435925275,167.50597325585707,600.1132814890792,631861209929.1464
