,Travel Time (min),Energy Consumption (SOC),Charging Time (min),Charging Cost
weight,1.0,1.0,1.0,0.0
cost,13886.317773114715,174.75473384467017,745.2823548043921,784710195510.173
