time,eta,min soc,max soc,Energy Consumed,Energy Charged,Capacidad Actual
36960.42621752324,0.9999269882135189,22.464926809825336,95.0,87680200.65932205,22.45404862478936,86393691.78164802
43560.42621752324,0.999933220901245,30.23464300043619,95.0,87645618.95220122,15.543685679895313,86394230.28586757
40240.90625708496,0.9999282200514417,25.574477516054856,95.0,87210876.71619177,16.660908864605087,86387490.44689618
48695.73924734669,0.9999269571800231,22.228065629282398,95.0,88485959.3875587,23.292068711247428,86387381.34277208
41073.04381584108,0.9999269945423206,22.504727596167886,95.0,87547301.93679906,23.245483445175438,86381183.68861833
