,Sk,Lk,x1_reaching,x2_reaching,x3_reaching,x1_leaving,x2_leaving,x3_leaving
0,0,0.0,43909.772318203664,95.0,331.22999999999996,43909.772318203664,95.0,331.22999999999996
1,19,0.0,44923.23296113944,81.4346648401924,331.22999999999996,45656.182961139435,81.4346648401924,264.35999999999996
2,17,0.0,46348.018244930965,72.59820168202775,264.35999999999996,46667.798244930964,72.59820168202775,187.41999999999996
3,13,0.0,47225.118497153315,65.64075747301165,187.41999999999996,47544.28849715331,65.64075747301165,130.45999999999995
4,4,0.0,48081.30621402311,58.91578189301418,130.45999999999995,48610.746214023115,58.91578189301418,63.919999999999945
5,14,0.0,49474.64226925182,49.518376437115556,63.919999999999945,50161.75226925182,49.518376437115556,34.39999999999995
6,9,0.0,50572.16485179446,44.91509011165421,34.39999999999995,51470.454851794464,44.91509011165421,-4.973799150320701e-14
7,0,0.0,52879.368016119,30.02950506618118,-4.973799150320701e-14,52879.368016119,30.02950506618118,-4.973799150320701e-14
