,Algorithm time,m,feasible,best_fitness
0,4.921512842178345,2,True,13846.370542505774
1,4.813102006912232,2,True,13515.767258036984
2,5.355562686920166,2,True,13122.809913117544
