,Travel Time (min),Energy Consumption (SOC),Charging Time (min),Charging Cost
weight,1.0,1.0,1.0,0.0
cost,13045.656668716574,164.29807329120035,442.0188434447176,465403066130.18
