,Travel Time (min),Energy Consumption (SOC),Charging Time (min),Charging Cost
weight,1.0,1.0,1.0,0.0
cost,14401.865495856535,183.61277408177818,1066.7711799483814,1123044191387.709
