,Travel Time (min),Energy Consumption (SOC),Charging Time (min),Charging Cost
weight,1.0,1.0,1.0,0.0
cost,14478.483542377558,181.56722374825785,1337.95645516725,1166950274045.4385
