,Sk,Lk,x1_reaching,x2_reaching,x3_reaching,x1_leaving,x2_leaving,x3_leaving
0,0,0.0,36021.77775477563,95.0,279.14,36021.77775477563,95.0,279.14
1,5,0.0,36978.690736381264,82.54693353469582,279.14,37875.38073638127,82.54693353469582,239.44
2,16,0.0,38680.86329792641,72.4116428578332,239.44,39402.173297926405,72.4116428578332,214.19
3,6,0.0,40083.48367006737,64.21725986786097,214.19,40822.97367006737,64.21725986786097,148.91
4,3,0.0,40988.252051858864,62.300715633991615,148.91,41320.69205185887,62.300715633991615,83.82
5,20,0.0,42145.37670221828,52.974393396079435,83.82,42805.98670221828,52.974393396079435,23.71999999999999
6,1,0.0,43443.13395998574,45.69506291216692,23.71999999999999,43922.75395998574,45.69506291216692,-7.105427357601002e-15
7,0,0.0,45373.08589390718,30.599049977560092,-7.105427357601002e-15,45373.08589390718,30.599049977560092,-7.105427357601002e-15
