,Travel Time (min),Energy Consumption (SOC),Charging Time (min),Charging Cost
weight,1.0,1.0,1.0,0.0
cost,14427.505649517385,181.29385257715626,1067.2970607813095,1123597812844.572
