,Travel Time (min),Energy Consumption (SOC),Charging Time (min),Charging Cost
weight,1.0,1.0,1.0,0.0
cost,11932.640694452712,168.0085075719242,806.1160703533671,1683737349165.5369
