,Sk,Lk,x1_reaching,x2_reaching,x3_reaching,x1_leaving,x2_leaving,x3_leaving
0,0,0.0,21443.95896804074,95.0,0.0,21443.95896804074,95.0,0.0
1,0,0.0,21443.95896804074,95.0,0.0,21443.95896804074,95.0,0.0
