,Travel Time (min),Energy Consumption (SOC),Charging Time (min),Charging Cost
weight,1.0,1.0,1.0,0.0
cost,12445.366705516788,152.6635418899749,524.7796657107816,552462202216.0316
