,Travel Time (min),Energy Consumption (SOC),Charging Time (min),Charging Cost
weight,1.0,1.0,1.0,0.0
cost,12717.976960243737,160.82857347390208,552.0513982361315,581256698013.7849
