,Travel Time (min),Energy Consumption (SOC),Charging Time (min),Charging Cost
weight,1.0,1.0,1.0,0.0
cost,5406.572825038687,75.86135745441845,23.550991774054864,24796915209.843647
